[
{

"paymentId" : 435456,
"orderDate" : "05/11/2015",
"merchatId" : 3245,
"customerEmail" : "varun@gmail.com",
"amount" : 234.56,
"paymentStatus" : "Initiated"

},
{

"paymentId" : 435466,
"orderDate" : "06/21/2015",
"merchatId" : 3289,
"customerEmail" : "rahul@gmail.com",
"amount" : 122.66,
"paymentStatus" : "Failed"

},
{

"paymentId" : 435459,
"orderDate" : "02/23/2015",
"merchatId" : 4567,
"customerEmail" : "alok@gmail.com",
"amount" : 4567.33,
"paymentStatus" : "Initiated"

},
{

"paymentId" : 435476,
"orderDate" : "04/06/2015",
"merchatId" : 3245,
"customerEmail" : "rohit@gmail.com",
"amount" : 23345,
"paymentStatus" : "Success"

},
{

"paymentId" : 112345,
"orderDate" : "08/24/2015",
"merchatId" : 3245,
"customerEmail" : "sapna@gmail.com",
"amount" : 567.96,
"paymentStatus" : "Refunded"

},
{

"paymentId" : 345654,
"orderDate" : "05/11/2015",
"merchatId" : 3245,
"customerEmail" : "kamal@gmail.com",
"amount" : 2434.43,
"paymentStatus" : "Initiated"

},
{

"paymentId" : 435451,
"orderDate" : "03/10/2015",
"merchatId" : 3245,
"customerEmail" : "shrey@gmail.com",
"amount" : 729.56,
"paymentStatus" : "Dropped"

},
{

"paymentId" : 435486,
"orderDate" : "03/16/2015",
"merchatId" : 3245,
"customerEmail" : "amar@gmail.com",
"amount" : 3947.57,
"paymentStatus" : "Initiated"

},
{

"paymentId" : 435493,
"orderDate" : "03/18/2015",
"merchatId" : 3245,
"customerEmail" : "amar123@gmail.com",
"amount" : 497.57,
"paymentStatus" : "Initiated"

},
{

"paymentId" : 435593,
"orderDate" : "06/18/2015",
"merchatId" : 3245,
"customerEmail" : "sudipt@gmail.com",
"amount" : 2999,
"paymentStatus" : "Initiated"

},
{

"paymentId" : 436493,
"orderDate" : "07/18/2015",
"merchatId" : 3245,
"customerEmail" : "kriti@gmail.com",
"amount" : 5000,
"paymentStatus" : "Dropped"

},
{

"paymentId" : 536493,
"orderDate" : "07/24/2015",
"merchatId" : 3245,
"customerEmail" : "varund@gmail.com",
"amount" : 3897.44,
"paymentStatus" : "Dropped"

},
{

"paymentId" : 436423,
"orderDate" : "02/18/2015",
"merchatId" : 3245,
"customerEmail" : "srk@gmail.com",
"amount" : 5037.45,
"paymentStatus" : "Dropped"

},
{

"paymentId" : 436893,
"orderDate" : "07/25/2015",
"merchatId" : 3245,
"customerEmail" : "gaurav123@gmail.com",
"amount" : 5670,
"paymentStatus" : "Dropped"

},
{

"paymentId" : 345678,
"orderDate" : "03/14/2015",
"merchatId" : 3245,
"customerEmail" : "bhas12er@gmail.com",
"amount" : 32435.5,
"paymentStatus" : "Success"

}
]






